{
    "position": [
        0.12100953557639099,
        0.33196017431869373,
        -2.7044634845184876
    ],
    "focal_point": [
        -0.08149305943274884,
        -0.011380882272182188,
        0.09480984894182098
    ],
    "up": [
        -0.005057804562766312,
        0.9925933134052525,
        0.12137929311125145
    ]
}