{
    "position": [
        24.798977779449203,
        -270.1310327316193,
        -31.0951378041381
    ],
    "focal_point": [
        0.09746717583117981,
        -0.7084374904839186,
        -8.63357629878138
    ],
    "up": [
        -0.6240954501430801,
        0.007918033270058251,
        -0.7813079891181457
    ]
}