{
    "position": [
        -0.1380006786015126,
        0.1833830762742043,
        0.29659466690315855
    ],
    "focal_point": [
        -0.018387279752136027,
        0.1026728191738847,
        -0.00011428807156204507
    ],
    "up": [
        0.04302505073436425,
        0.9683015142518571,
        -0.24605085349753614
    ]
}