{
    "position": [
        33.12041273743806,
        -179.18440565327523,
        51.53016985696421
    ],
    "focal_point": [
        20.023100000000003,
        -0.008379999999999832,
        0.0
    ],
    "up": [
        -0.6987623056872855,
        -0.24442780799776218,
        -0.6722992539249155
    ]
}