{
    "position": [
        1.1831018004529075,
        -0.3065367471187791,
        -2.2331804614781787
    ],
    "focal_point": [
        0.009252136752170834,
        -0.012623606670335675,
        -0.08709061084544271
    ],
    "up": [
        0.668994785669832,
        0.6920457097178001,
        0.27114334291618164
    ]
}