{
    "position": [
        22.02602688431528,
        31.389030697539646,
        35.80184485662553
    ],
    "focal_point": [
        0.6860696387784921,
        9.901867400005814,
        -0.04799933251234956
    ],
    "up": [
        -0.8673642022212606,
        0.03290432984427524,
        0.4965849834445005
    ]
}