{
    "position": [
        0.7505878849052219,
        0.9768405574961119,
        6.92524406253274
    ],
    "focal_point": [
        0.13557000000000008,
        -5.000000000032756e-06,
        0.0
    ],
    "up": [
        0.9397371042667365,
        0.3169662455237072,
        -0.12816619703718135
    ]
}