{
    "position": [
        0.5112038488412911,
        0.38881125427567037,
        2.2946924095970878
    ],
    "focal_point": [
        0.49999999999950007,
        0.49862068702932005,
        0.0
    ],
    "up": [
        0.0012447069894745639,
        0.9988564926834772,
        0.04779286273673892
    ]
}