{
    "position": [
        -1.651882018183645,
        0.18313804667714353,
        4.263362515057189
    ],
    "focal_point": [
        -0.0007511618000000109,
        -0.0014822756999999798,
        0.0051899994999999866
    ],
    "up": [
        -0.5136259490335733,
        -0.8424596105066137,
        -0.16263514117313632
    ]
}