{
    "position": [
        -0.8074652682911843,
        -0.4707063044775193,
        3.9330023426725376
    ],
    "focal_point": [
        -0.013942999999999983,
        0.01072780000000001,
        0.03675080000000003
    ],
    "up": [
        0.9754479504203929,
        -0.12155986436710298,
        0.18364230284906116
    ]
}