{
    "position": [
        1.6537153262723143,
        2.969298497047726,
        0.510311717922258
    ],
    "focal_point": [
        0.03791306660185856,
        0.05363410263618414,
        0.018464532688159785
    ],
    "up": [
        -0.6375774010278734,
        0.4578489016992512,
        -0.6195719820257626
    ]
}