{
    "position": [
        -2.2639179713052227,
        3.245863057326747,
        3.124640611372794
    ],
    "focal_point": [
        0.04266260085266171,
        0.006871941209150401,
        0.4355567207095945
    ],
    "up": [
        -0.5903092556878766,
        -0.7212495645731929,
        0.3624003976987397
    ]
}