{
    "position": [
        4.5383580495080995,
        -0.1411109123923437,
        -0.050316879295031425
    ],
    "focal_point": [
        -0.02437828881935869,
        0.009508846095143852,
        0.17395150832980855
    ],
    "up": [
        0.048679650919976544,
        -0.012433535373630174,
        0.9987370518732256
    ]
}