{
    "position": [
        1.0843451470681922,
        1.0189770276969603,
        6.516695071369338
    ],
    "focal_point": [
        0.0,
        0.0,
        -0.002407500000000007
    ],
    "up": [
        -0.9866044229628921,
        0.00727114487420176,
        0.16296884070974182
    ]
}