{
    "position": [
        0.1738263519098689,
        -0.1067239255812627,
        4.565049259658562
    ],
    "focal_point": [
        0.016384631737629496,
        -0.008009437524726049,
        -0.0007381579170908301
    ],
    "up": [
        -0.008504876864992314,
        0.9997238200746916,
        0.02190777589754449
    ],
    "name": "camera_1"
}